{
  "namespace": "debug_screen",
  "New_Player_Animation_UI": {
    "type": "label",
    "text": "§cInsanity §bKitPVP",
    "shadow": true,
    "text_alignment": "left",
    "offset": [0, 5],
    "anchor_from": "top_left",
    "anchor_to": "top_left"
  },
  "New_Player_Animation_UI1": {
    "type": "label",
    "text": "§9Season 1",
    "shadow": true,
    "text_alignment": "left",
    "offset": [0, 15],
    "anchor_from": "top_left",
    "anchor_to": "top_left"
  },
  "load_probe_label": {
    "type": "label",
    "text": "",
    "shadow": true,
    "color": [0, 1, 0],
    "anchor_from": "top_left",
    "anchor_to": "top_left",
    "offset": [0, -5],
    "layer": 6
  },
  "content_panel": {
    "type": "panel",
    "controls": [
      { "ui0@debug_screen.New_Player_Animation_UI": {} },
      { "ui1@debug_screen.New_Player_Animation_UI1": {} },
      { "ui2@debug_screen.New_Player_Animation_Image": {} },
      { "probe@debug_screen.load_probe_label": {} }
    ]
  }
}