{
  "namespace": "pause_screen",
  "pause_screen_content": {
    "modifications": [
      {
        "array_name": "controls",
        "operation": "insert_back",
        "value": [
          {
            "discord_panel": {
              "type": "panel",
              "size": [180, 30],
              "layer": 10,
              "anchor_from": "top_right",
              "anchor_to": "top_right",
              "offset": [-10, 40],
              "visible": true,
              "controls": [
                {
                  "discord_button": {
                    "type": "button",
                    "size": ["100%", "100%"],
                    "anchor_from": "top_right",
                    "anchor_to": "top_right",
                    "offset": [0, 0],
                    "$button_mappings": [
                      {
                        "from_button_id": "button.menu_select",
                        "to_button_id": "button.discord_click",
                        "mapping_type": "pressed"
                      }
                    ],
                    "controls": [
                      {
                        "background": {
                          "type": "image",
                          "texture": "textures/ui/discord_background",
                          "size": ["100%", "100%"],
                          "layer": 0,
                          "nineslice_size": [8, 8, 8, 8]
                        }
                      },
                      {
                        "icon": {
                          "type": "image",
                          "texture": "textures/ui/discord_icon",
                          "size": [20, 20],
                          "anchor_from": "top_left",
                          "anchor_to": "top_left",
                          "offset": [5, 5],
                          "layer": 1
                        }
                      },
                      {
                        "label": {
                          "type": "label",
                          "text": "Join our Discord! \ndiscord.gg/fG8wz5RTce",
                          "shadow": true,
                          "color": [1, 1, 1],
                          "anchor_from": "top_left",
                          "anchor_to": "top_left",
                          "offset": [30, 7],
                          "layer": 2
                        }
                      }
                    ]
                  }
                }
              ]
            }
          }
        ]
      }
    ]
  }
}

